Generation,Name,Party,BirthYear,BillCount
Gen X,"Whitesides, George",D,1974,5
Gen X,"Fine, Randy",R,1974,15
Gen X,"Patronis, Jimmy",R,1972,8
Gen X,"Vindman, Eugene Simon",D,1975,24
Gen X,"Taylor, David J.",R,1969,20
Gen X,"Shreve, Jefferson",R,1965,7
Gen X,"Schmidt, Derek",R,1968,6
Gen X,"McGuire, John J.",R,1968,9
Gen X,"McDonald Rivet, Kristen",D,1970,7
Gen X,"Moore, Tim",R,1970,15
Gen X,"Moore, Riley M.",R,1980,10
Gen X,"Mannion, John W.",D,1968,3
Gen X,"Kennedy, Mike",R,1969,21
Gen X,"Johnson, Julie",D,1966,11
Gen X,"Harris, Mark",R,1966,8
Gen X,"Gillen, Laura",D,1969,7
Gen X,"Goldman, Craig A.",R,1968,5
Gen X,"Friedman, Laura",D,1966,7
Gen X,"Fedorchak, Julie",R,1968,10
Gen X,"Dexter, Maxine",D,1972,6
Gen X,"Downing, Troy",R,1967,15
Gen X,"Bynum, Janelle S.",D,1975,5
Gen X,"Biggs, Sheri",R,1970,7
Gen X,"Baumgartner, Michael",R,1975,11
Gen X,"McCormick, Richard",R,1968,45
Gen X,"Stutzman, Marlin A.",R,1976,34
Gen X,"Morrison, Kelly",D,1969,9
Gen X,"Haridopolos, Mike",R,1970,2
Gen X,"Crank, Jeff",R,1967,4
Gen X,"Bell, Wesley",D,1974,12
Gen X,"Wied, Tony",R,1976,10
Gen X,"Rulli, Michael A.",R,1969,9
Gen X,"Fong, Vince",R,1979,13
Gen X,"Kennedy, Timothy M.",D,1976,25
Gen X,"McClellan, Jennifer L.",D,1972,38
Gen X,"Van Orden, Derrick",R,1969,54
Gen X,"Ogles, Andrew",R,1971,190
Gen X,"Moran, Nathaniel",R,1974,35
Gen X,"Luttrell, Morgan",R,1975,41
Gen X,"Kiggans, Jennifer A.",R,1971,60
Gen X,"De La Cruz, Monica",R,1974,52
Gen X,"Balint, Becca",D,1968,32
Gen X,"Moore, Barry",R,1966,52
Gen X,"Greene, Marjorie Taylor",R,1974,109
Gen X,"Cisneros, Gilbert Ray",D,1971,23
Gen X,"Gonzalez, Vicente",D,1967,47
Gen X,"Tokuda, Jill N.",D,1976,55
Gen X,"Sorensen, Eric",D,1976,19
Gen X,"Salinas, Andrea",D,1969,41
Gen X,"Nunn, Zachary",R,1979,105
Gen X,"Moskowitz, Jared",D,1980,29
Gen X,"Mills, Cory",R,1980,38
Gen X,"McGarvey, Morgan",D,1979,36
Gen X,"Lee, Laurel M.",R,1974,35
Gen X,"Landsman, Greg",D,1976,31
Gen X,"LaLota, Nick",R,1978,58
Gen X,"Kean, Thomas H.",R,1968,39
Gen X,"Jackson, Jonathan L.",D,1966,11
Gen X,"Houchin, Erin",R,1976,49
Gen X,"Goldman, Daniel S.",D,1976,38
Gen X,"Davis, Donald G.",D,1971,47
Gen X,"Collins, Mike",R,1967,25
Gen X,"Burlison, Eric",R,1976,45
Gen X,"Budzinski, Nikki",D,1977,27
Gen X,"Brecheen, Josh",R,1979,44
Gen X,"McClain, Lisa C.",R,1966,64
Gen X,"Tlaib, Rashida",D,1976,115
Gen X,"Mast, Brian J.",R,1980,141
Gen X,"LaHood, Darin",R,1968,129
Gen X,"Hudson, Richard",R,1971,140
Gen X,"Huizenga, Bill",R,1969,161
Gen X,"Wasserman Schultz, Debbie",D,1966,167
Gen X,"Strong, Dale W.",R,1970,27
Gen X,"Mullin, Kevin",D,1970,23
Gen X,"Kamlager-Dove, Sydney",D,1972,54
Gen X,"Garcia, Robert",D,1977,40
Gen X,"Crane, Elijah",R,1980,44
Gen X,"Bean, Aaron",R,1967,36
Gen X,"Finstad, Brad",R,1976,49
Gen X,"Flood, Mike",R,1975,36
Gen X,"Cherfilus-McCormick, Sheila",D,1979,37
Gen X,"Carey, Mike",R,1971,48
Gen X,"Brown, Shontel M.",D,1975,32
Gen X,"Ellzey, Jake",R,1970,9
Gen X,"Stansbury, Melanie A.",D,1979,39
Gen X,"Obernolte, Jay",R,1970,62
Gen X,"Van Duyne, Beth",R,1970,97
Gen X,"Nehls, Troy E.",R,1968,81
Gen X,"Moore, Blake D.",R,1980,76
Gen X,"Jackson, Ronny",R,1967,89
Gen X,"Gonzales, Tony",R,1980,81
Gen X,"Stanton, Greg",D,1970,69
Gen X,"Panetta, Jimmy",D,1969,207
Gen X,"Lieu, Ted",D,1969,253
Gen X,"Aguilar, Pete",D,1979,88
Gen X,"Ruiz, Raul",D,1972,265
Gen X,"Valadao, David G.",R,1977,75
Gen X,"Swalwell, Eric",D,1980,105
Gen X,"Bera, Ami",D,1965,108
Gen X,"Williams, Nikema",D,1978,136
Gen X,"Spartz, Victoria",R,1978,41
Gen X,"Pfluger, August",R,1977,141
Gen X,"Mrvan, Frank J.",D,1969,16
Gen X,"Mann, Tracey",R,1976,64
Gen X,"Malliotakis, Nicole",R,1980,126
Gen X,"Mace, Nancy",R,1977,162
Gen X,"Fischbach, Michelle",R,1965,59
Gen X,"Feenstra, Randy",R,1969,96
Gen X,"Fallon, Pat",R,1967,58
Gen X,"Donalds, Byron",R,1978,140
Gen X,"Bice, Stephanie I.",R,1973,75
Gen X,"Schrier, Kim",D,1968,93
Gen X,"Cline, Ben",R,1972,47
Gen X,"Roy, Chip",R,1972,202
Gen X,"Escobar, Veronica",D,1969,69
Gen X,"Fletcher, Lizzie",D,1975,55
Gen X,"Rose, John W.",R,1965,39
Gen X,"Johnson, Dusty",R,1976,121
Gen X,"Houlahan, Chrissy",D,1967,104
Gen X,"Craig, Angie",D,1972,110
Gen X,"Boyle, Brendan F.",D,1977,126
Gen X,"Lee, Susie",D,1966,85
Gen X,"Sherrill, Mikie",D,1972,118
Gen X,"Pappas, Chris",D,1980,140
Gen X,"Guest, Michael",R,1970,50
Gen X,"Stauber, Pete",R,1966,91
Gen X,"Pressley, Ayanna",D,1974,134
Gen X,"Trahan, Lori",D,1973,68
Gen X,"Davids, Sharice",D,1980,57
Gen X,"Casten, Sean",D,1971,122
Gen X,"Steube, W. Gregory",R,1978,243
Gen X,"Hayes, Jahana",D,1973,114
Gen X,"Crow, Jason",D,1979,147
Gen X,"Levin, Mike",D,1978,112
Gen X,"Cloud, Michael",R,1975,66
Gen X,"Gomez, Jimmy",D,1974,81
Gen X,"Jayapal, Pramila",D,1965,174
Gen X,"Arrington, Jodey C.",R,1972,178
Gen X,"Kustoff, David",R,1966,102
Gen X,"Fitzpatrick, Brian K.",R,1973,223
Gen X,"Gottheimer, Josh",D,1975,169
Gen X,"Johnson, Mike",R,1972,74
Gen X,"Krishnamoorthi, Raja",D,1973,145
Gen X,"Soto, Darren",D,1978,147
Gen X,"Barragán, Nanette Diaz",D,1976,116
Gen X,"Horsford, Steven",D,1973,104
Gen X,"Min, Dave",D,1976,10
Gen X,"Hurd, Jeff",R,1979,12
Gen X,"Khanna, Ro",D,1976,167
Gen X,"Comer, James",R,1972,47
Gen X,"Davidson, Warren",R,1970,148
Gen X,"Kelly, Trent",R,1966,67
Gen X,"Plaskett, Stacey E.",D,1966,132
Gen X,"Rouzer, David",R,1972,95
Gen X,"Moulton, Seth",D,1978,96
Gen X,"Torres, Norma J.",D,1965,179
Gen X,"Westerman, Bruce",R,1967,88
Gen X,"Smith, Jason",R,1980,121
Gen X,"Barr, Andy",R,1973,198
Gen X,"Veasey, Marc A.",D,1971,122
Gen X,"Castro, Joaquin",D,1974,177
Gen X,"Jeffries, Hakeem S.",D,1970,133
Gen X,"Meng, Grace",D,1975,304
Gen X,"Massie, Thomas",R,1971,110
Gen X,"Scott, Austin",R,1969,73
Gen X,"Crawford, Eric A. ""Rick""",R,1966,136
Gen X,"Sewell, Terri A.",D,1965,118
Gen X,"Castor, Kathy",D,1966,203
Gen X,"Himes, James A.",D,1966,109
Gen X,"Scalise, Steve",R,1965,110
Gen X,"Carson, André",D,1974,167
Gen X,"Sánchez, Linda T.",D,1969,242
Gen X,"Simon, Lateefah",D,1977,2
Gen X,"Rivas, Luz M.",D,1974,4
Gen X,"Liccardo, Sam T.",D,1970,10
Gen X,"Gray, Adam",D,1977,4
Gen X,"Begich, Nicholas J.",R,1977,19
Gen X,"Smith, Adrian",R,1970,132
Gen X,"Smith, Adam",D,1965,227
Gen X,"Aderholt, Robert B.",R,1965,100
Gen X,"Larsen, Rick",D,1965,172
Gen X,"Young, Todd",R,1972,397
Gen X,"Warnock, Raphael G.",D,1969,209
Gen X,"Slotkin, Elissa",D,1976,188
Gen X,"Schmitt, Eric",R,1975,92
Gen X,"Scott, Tim",R,1965,437
Gen X,"Schatz, Brian",D,1972,673
Gen X,"Padilla, Alex",D,1973,465
Gen X,"Mullin, Markwayne",R,1977,156
Gen X,"Murphy, Christopher",D,1973,557
Gen X,"Moody, Ashley",R,1975,20
Gen X,"McCormick, David",R,1965,26
Gen X,"Moreno, Bernie",R,1967,23
Gen X,"Lee, Mike",R,1971,2033
Gen X,"Luján, Ben Ray",D,1972,445
Gen X,"Lankford, James",R,1968,639
Gen X,"Husted, Jon",R,1967,24
Gen X,"Heinrich, Martin",D,1971,522
Gen X,"Hawley, Josh",R,1979,320
Gen X,"Fetterman, John",D,1969,66
Gen X,"Gallego, Ruben",D,1979,189
Gen X,"Gillibrand, Kirsten E.",D,1966,878
Gen X,"Ernst, Joni",R,1970,625
Gen X,"Duckworth, Tammy",D,1968,520
Gen X,"Cruz, Ted",R,1970,1062
Gen X,"Cotton, Tom",R,1977,532
Gen X,"Budd, Ted",R,1971,230
Gen X,"Booker, Cory A.",D,1969,929
Gen X,"Alsobrooks, Angela D.",D,1971,35
Gen X,"Banks, Jim",R,1979,229
Millennial,"Subramanyam, Suhas",D,1986,17
Millennial,"Riley, Josh",D,1981,8
Millennial,"Olszewski, Johnny",D,1982,6
Millennial,"McDowell, Addison P.",R,1994,8
Millennial,"Mackenzie, Ryan",R,1982,7
Millennial,"Knott, Brad",R,1986,2
Millennial,"Hernández, Pablo Jose",D,1991,15
Millennial,"Harrigan, Pat",R,1987,9
Millennial,"Goodlander, Maggie",D,1986,4
Millennial,"Gill, Brandon",R,1994,15
Millennial,"Elfreth, Sarah",D,1988,4
Millennial,"Bresnahan, Robert P.",R,1990,12
Millennial,"Barrett, Tom",R,1981,14
Millennial,"McBride, Sarah",D,1990,3
Millennial,"Jack, Brian",R,1988,4
Millennial,"Figures, Shomari",D,1985,8
Millennial,"Evans, Gabe",R,1986,14
Millennial,"McIver, LaMonica",D,1986,7
Millennial,"Maloy, Celeste",R,1981,32
Millennial,"Amo, Gabe",D,1987,15
Millennial,"Perez, Marie Gluesenkamp",D,1988,50
Millennial,"Magaziner, Seth",D,1983,38
Millennial,"Lee, Summer L.",D,1987,32
Millennial,"Hunt, Wesley",R,1981,18
Millennial,"Fry, Russell",R,1985,28
Millennial,"Deluzio, Christopher R.",D,1984,40
Millennial,"Crockett, Jasmine",D,1981,37
Millennial,"Casar, Greg",D,1989,10
Millennial,"Boebert, Lauren",R,1986,146
Millennial,"Vasquez, Gabe",D,1984,54
Millennial,"Sykes, Emilia Strong",D,1986,51
Millennial,"Scholten, Hillary J.",D,1982,26
Millennial,"Ramirez, Delia C.",D,1983,30
Millennial,"Miller, Max L.",R,1988,30
Millennial,"Menendez, Robert",D,1985,22
Millennial,"Luna, Anna Paulina",R,1989,62
Millennial,"Lawler, Michael",R,1986,133
Millennial,"Langworthy, Nicholas A.",R,1981,65
Millennial,"James, John",R,1981,52
Millennial,"Ryan, Patrick",D,1982,34
Millennial,"Hinson, Ashley",R,1983,76
Millennial,"Pettersen, Brittany",D,1981,45
Millennial,"Kiley, Kevin",R,1985,36
Millennial,"Ciscomani, Juan",R,1982,52
Millennial,"Yakym, Rudy",R,1984,37
Millennial,"Letlow, Julia",R,1981,20
Millennial,"Jacobs, Sara",D,1989,63
Millennial,"Harder, Josh",D,1986,139
Millennial,"Torres, Ritchie",D,1988,146
Millennial,"Garbarino, Andrew R.",R,1984,87
Millennial,"Cammack, Kat",R,1988,65
Millennial,"Auchincloss, Jake",D,1988,15
Millennial,"Golden, Jared F.",D,1982,86
Millennial,"Steil, Bryan",R,1981,85
Millennial,"Gooden, Lance",R,1982,60
Millennial,"Crenshaw, Dan",R,1984,92
Millennial,"Timmons, William R.",R,1984,35
Millennial,"Reschenthaler, Guy",R,1983,57
Millennial,"Walkinshaw, James R.",D,1982,2
Millennial,"Ocasio-Cortez, Alexandria",D,1989,70
Millennial,"Omar, Ilhan",D,1982,122
Millennial,"Stevens, Haley M.",D,1983,99
Millennial,"Underwood, Lauren",D,1986,110
Millennial,"Neguse, Joe",D,1984,330
Millennial,"Stefanik, Elise M.",R,1984,189
Millennial,"Tran, Derek",D,1982,6
Millennial,"Randall, Emily",D,1985,8
Millennial,"Hamadeh, Abraham J.",R,1991,12
Millennial,"Ansari, Yassamin",D,1992,20
Millennial,"Sheehy, Tim",R,1985,43
Millennial,"Ossoff, Jon",D,1987,214
Millennial,"Kim, Andy",D,1982,156
Millennial,"Britt, Katie Boyd",R,1982,43
Baby Boomer,"Pou, Nellie",D,1956,4
Baby Boomer,"Messmer, Mark B.",R,1962,6
Baby Boomer,"McClain Delaney, April",D,1964,7
Baby Boomer,"Latimer, George",D,1953,1
Baby Boomer,"Conaway, Herbert C.",D,1963,7
Baby Boomer,"Fields, Cleo",D,1962,21
Baby Boomer,"Onder, Robert F.",R,1962,11
Baby Boomer,"Self, Keith",R,1953,57
Baby Boomer,"Hageman, Harriet M.",R,1962,112
Baby Boomer,"Franklin, Scott",R,1964,41
Baby Boomer,"Miller, Carol D.",R,1950,87
Baby Boomer,"McBath, Lucy",D,1960,66
Baby Boomer,"Scanlon, Mary Gay",D,1959,103
Baby Boomer,"Suozzi, Thomas R.",D,1962,70
Baby Boomer,"Green, Al",D,1947,350
Baby Boomer,"Doggett, Lloyd",D,1946,257
Baby Boomer,"Thanedar, Shri",D,1955,46
Baby Boomer,"Moylan, James C.",R,1962,47
Baby Boomer,"Ivey, Glenn",D,1961,10
Baby Boomer,"Hoyle, Val T.",D,1964,20
Baby Boomer,"Foushee, Valerie P.",D,1956,17
Baby Boomer,"Ezell, Mike",R,1959,35
Baby Boomer,"Edwards, Chuck",R,1960,39
Baby Boomer,"Alford, Mark",R,1963,38
Baby Boomer,"Miller-Meeks, Mariannette",R,1955,113
Baby Boomer,"Gimenez, Carlos A.",R,1954,53
Baby Boomer,"Tenney, Claudia",R,1961,217
Baby Boomer,"Rutherford, John H.",R,1952,46
Baby Boomer,"Zinke, Ryan K.",R,1961,54
Baby Boomer,"Dingell, Debbie",D,1953,238
Baby Boomer,"Moolenaar, John R.",R,1961,88
Baby Boomer,"Frankel, Lois",D,1948,93
Baby Boomer,"Walberg, Tim",R,1951,214
Baby Boomer,"Nadler, Jerrold",D,1947,540
Baby Boomer,"Diaz-Balart, Mario",R,1961,108
Baby Boomer,"Carter, Troy A.",D,1963,54
Baby Boomer,"Kim, Young",R,1962,89
Baby Boomer,"Strickland, Marilyn",D,1962,51
Baby Boomer,"Owens, Burgess",R,1951,52
Baby Boomer,"Fitzgerald, Scott",R,1963,63
Baby Boomer,"DeSaulnier, Mark",D,1952,212
Baby Boomer,"Peters, Scott H.",D,1958,226
Baby Boomer,"Vargas, Juan",D,1961,85
Baby Boomer,"Takano, Mark",D,1960,217
Baby Boomer,"Chu, Judy",D,1953,236
Baby Boomer,"Schweikert, David",R,1962,178
Baby Boomer,"Gosar, Paul A.",R,1958,363
Baby Boomer,"McClintock, Tom",R,1956,151
Baby Boomer,"Thompson, Mike",D,1951,352
Baby Boomer,"Sherman, Brad",D,1954,224
Baby Boomer,"Sessions, Pete",R,1955,449
Baby Boomer,"Costa, Jim",D,1952,180
Baby Boomer,"Issa, Darrell",R,1953,383
Baby Boomer,"Calvert, Ken",R,1953,277
Baby Boomer,"Lofgren, Zoe",D,1947,364
Baby Boomer,"Salazar, Maria Elvira",R,1961,65
Baby Boomer,"Ross, Deborah K.",D,1963,68
Baby Boomer,"Miller, Mary E.",R,1959,74
Baby Boomer,"Leger Fernandez, Teresa",D,1959,85
Baby Boomer,"Harshbarger, Diana",R,1960,63
Baby Boomer,"Clyde, Andrew S.",R,1963,73
Baby Boomer,"Bentz, Cliff",R,1952,20
Baby Boomer,"Tiffany, Thomas P.",R,1957,66
Baby Boomer,"Murphy, Gregory F.",R,1963,108
Baby Boomer,"Garcia, Sylvia R.",D,1950,77
Baby Boomer,"Burchett, Tim",R,1964,123
Baby Boomer,"Joyce, John",R,1957,54
Baby Boomer,"Meuser, Daniel",R,1964,60
Baby Boomer,"Dean, Madeleine",D,1959,109
Baby Boomer,"Van Drew, Jefferson",D,1953,154
Baby Boomer,"García, Jesús G. ""Chuy""",D,1956,65
Baby Boomer,"Smucker, Lloyd",R,1964,99
Baby Boomer,"Evans, Dwight",D,1954,58
Baby Boomer,"Perry, Scott",R,1962,306
Baby Boomer,"Kelly, Mike",R,1948,177
Baby Boomer,"Thompson, Glenn",R,1959,155
Baby Boomer,"Mfume, Kweisi",D,1948,88
Baby Boomer,"Fulcher, Russ",R,1962,44
Baby Boomer,"Hern, Kevin",R,1961,69
Baby Boomer,"Morelle, Joseph D.",D,1957,124
Baby Boomer,"Balderson, Troy",R,1962,56
Baby Boomer,"Norman, Ralph",R,1953,168
Baby Boomer,"Estes, Ron",R,1956,60
Baby Boomer,"Espaillat, Adriano",D,1954,214
Baby Boomer,"Bacon, Don",R,1963,182
Baby Boomer,"Bergman, Jack",R,1947,93
Baby Boomer,"Raskin, Jamie",D,1962,120
Baby Boomer,"Higgins, Clay",R,1961,153
Baby Boomer,"Dunn, Neal P.",R,1953,83
Baby Boomer,"Correa, J. Luis",D,1958,115
Baby Boomer,"Carbajal, Salud O.",D,1964,139
Baby Boomer,"Schneider, Bradley Scott",D,1961,209
Baby Boomer,"Webster, Daniel",R,1949,57
Baby Boomer,"Case, Ed",D,1952,129
Baby Boomer,"Biggs, Andy",R,1958,915
Baby Boomer,"Grothman, Glenn",R,1955,170
Baby Boomer,"Newhouse, Dan",R,1955,160
Baby Boomer,"Beyer, Donald S.",D,1950,233
Baby Boomer,"Babin, Brian",R,1948,99
Baby Boomer,"Emmer, Tom",R,1961,126
Baby Boomer,"Bost, Mike",R,1960,134
Baby Boomer,"Allen, Rick W.",R,1951,68
Baby Boomer,"Loudermilk, Barry",R,1963,71
Baby Boomer,"Carter, Earl L. ""Buddy""",R,1957,196
Baby Boomer,"Hill, J. French",R,1956,138
Baby Boomer,"Radewagen, Aumua Amata Coleman",R,1947,42
Baby Boomer,"Palmer, Gary J.",R,1954,107
Baby Boomer,"Norcross, Donald",D,1958,101
Baby Boomer,"Adams, Alma S.",D,1946,172
Baby Boomer,"Clark, Katherine M.",D,1963,88
Baby Boomer,"Clarke, Yvette D.",D,1964,193
Baby Boomer,"Tonko, Paul",D,1949,210
Baby Boomer,"Kelly, Robin L.",D,1956,148
Baby Boomer,"Meeks, Gregory W.",D,1953,230
Baby Boomer,"Velázquez, Nydia M.",D,1953,492
Baby Boomer,"Turner, Michael R.",R,1960,188
Baby Boomer,"Pocan, Mark",D,1964,155
Baby Boomer,"Williams, Roger",R,1949,133
Baby Boomer,"Weber, Randy K. Sr.",R,1953,99
Baby Boomer,"Joyce, David P.",R,1957,135
Baby Boomer,"Beatty, Joyce",D,1950,170
Baby Boomer,"Wagner, Ann",R,1962,128
Baby Boomer,"Brownley, Julia",D,1952,295
Baby Boomer,"Huffman, Jared",D,1964,232
Baby Boomer,"LaMalfa, Doug",R,1960,128
Baby Boomer,"DelBene, Suzan K.",D,1962,145
Baby Boomer,"Bonamici, Suzanne",D,1954,264
Baby Boomer,"Amodei, Mark E.",R,1958,105
Baby Boomer,"Wittman, Robert J.",R,1959,205
Baby Boomer,"Latta, Robert E.",R,1956,232
Baby Boomer,"Griffith, H. Morgan",R,1958,206
Baby Boomer,"DesJarlais, Scott",R,1964,52
Baby Boomer,"Fleischmann, Charles J. ""Chuck""",R,1962,49
Baby Boomer,"Harris, Andy",R,1957,47
Baby Boomer,"Keating, William R.",D,1952,165
Baby Boomer,"Womack, Steve",R,1957,61
Baby Boomer,"Cohen, Steve",D,1949,479
Baby Boomer,"Jordan, Jim",R,1964,55
Baby Boomer,"Buchanan, Vern",R,1951,207
Baby Boomer,"Bilirakis, Gus M.",R,1963,287
Baby Boomer,"Quigley, Mike",D,1958,188
Baby Boomer,"Titus, Dina",D,1950,225
Baby Boomer,"Pingree, Chellie",D,1955,172
Baby Boomer,"Guthrie, Brett",R,1964,132
Baby Boomer,"Foster, Bill",D,1955,262
Baby Boomer,"McGovern, James P.",D,1959,416
Baby Boomer,"Neal, Richard E.",D,1949,234
Baby Boomer,"Moore, Gwen",D,1951,270
Baby Boomer,"Lynch, Stephen F.",D,1955,246
Baby Boomer,"Johnson, Henry C. ""Hank""",D,1954,251
Baby Boomer,"Courtney, Joe",D,1953,183
Baby Boomer,"Pallone, Frank",D,1951,572
Baby Boomer,"Simpson, Michael K.",R,1950,158
Baby Boomer,"Larson, John B.",D,1948,249
Baby Boomer,"DeGette, Diana",D,1957,243
Baby Boomer,"Thompson, Bennie G.",D,1948,251
Baby Boomer,"Smith, Christopher H.",R,1953,927
Baby Boomer,"Scott, Robert C. ""Bobby""",D,1947,328
Baby Boomer,"Bishop, Sanford D.",D,1947,140
Baby Boomer,"Lucas, Frank D.",R,1960,121
Baby Boomer,"Cuellar, Henry",D,1955,121
Baby Boomer,"McCaul, Michael T.",R,1962,253
Baby Boomer,"Cole, Tom",R,1949,220
Baby Boomer,"Rogers, Mike D.",R,1958,105
Baby Boomer,"Wilson, Joe",R,1947,330
Baby Boomer,"Graves, Sam",R,1963,266
Baby Boomer,"McCollum, Betty",D,1954,169
Baby Boomer,"Kaptur, Marcy",D,1946,502
Baby Boomer,"Wyden, Ron",D,1949,1858
Baby Boomer,"Warren, Elizabeth",D,1949,836
Baby Boomer,"Whitehouse, Sheldon",D,1955,697
Baby Boomer,"Welch, Peter",D,1947,629
Baby Boomer,"Wicker, Roger F.",R,1951,740
Baby Boomer,"Tuberville, Tommy",R,1954,299
Baby Boomer,"Tillis, Thomas",R,1960,664
Baby Boomer,"Warner, Mark R.",D,1954,708
Baby Boomer,"Van Hollen, Chris",D,1959,547
Baby Boomer,"Smith, Tina",D,1958,321
Baby Boomer,"Sullivan, Dan",R,1964,511
Baby Boomer,"Thune, John",R,1961,998
Baby Boomer,"Scott, Rick",R,1952,585
Baby Boomer,"Shaheen, Jeanne",D,1947,1121
Baby Boomer,"Schumer, Charles E.",D,1950,2422
Baby Boomer,"Schiff, Adam B.",D,1960,435
Baby Boomer,"Rosen, Jacky",D,1957,425
Baby Boomer,"Rounds, Mike",R,1954,382
Baby Boomer,"Ricketts, Pete",R,1964,95
Baby Boomer,"Paul, Rand",R,1963,1078
Baby Boomer,"Peters, Gary C.",D,1958,844
Baby Boomer,"Reed, Jack",D,1949,1234
Baby Boomer,"Murray, Patty",D,1950,1161
Baby Boomer,"Murkowski, Lisa",R,1957,1172
Baby Boomer,"Merkley, Jeff",D,1956,1150
Baby Boomer,"Moran, Jerry",R,1954,747
Baby Boomer,"Marshall, Roger",R,1960,483
Baby Boomer,"Lummis, Cynthia M.",R,1954,229
Baby Boomer,"Markey, Edward J.",D,1946,1588
Baby Boomer,"Klobuchar, Amy",D,1960,1384
Baby Boomer,"Justice, James C.",R,1951,6
Baby Boomer,"Kelly, Mark",D,1964,226
Baby Boomer,"Hyde-Smith, Cindy",R,1959,144
Baby Boomer,"Kennedy, John",R,1951,624
Baby Boomer,"Kaine, Tim",D,1958,539
Baby Boomer,"Johnson, Ron",R,1955,591
Baby Boomer,"Hickenlooper, John W.",D,1952,200
Baby Boomer,"Hoeven, John",R,1957,487
Baby Boomer,"Hirono, Mazie K.",D,1947,725
Baby Boomer,"Hagerty, Bill",R,1959,311
Baby Boomer,"Hassan, Margaret Wood",D,1958,349
Baby Boomer,"Graham, Lindsey",R,1955,744
Baby Boomer,"Fischer, Deb",R,1951,335
Baby Boomer,"Curtis, John R.",R,1960,176
Baby Boomer,"Daines, Steve",R,1962,610
Baby Boomer,"Cortez Masto, Catherine",D,1964,602
Baby Boomer,"Cramer, Kevin",R,1961,235
Baby Boomer,"Crapo, Mike",R,1951,612
Baby Boomer,"Coons, Christopher A.",D,1963,735
Baby Boomer,"Cassidy, Bill",R,1957,662
Baby Boomer,"Collins, Susan M.",R,1952,1178
Baby Boomer,"Cornyn, John",R,1952,1556
Baby Boomer,"Capito, Shelley Moore",R,1953,383
Baby Boomer,"Boozman, John",R,1950,392
Baby Boomer,"Cantwell, Maria",D,1958,963
Baby Boomer,"Blunt Rochester, Lisa",D,1962,163
Baby Boomer,"Blumenthal, Richard",D,1946,1025
Baby Boomer,"Barrasso, John",R,1952,684
Baby Boomer,"Bennet, Michael F.",D,1964,835
Baby Boomer,"Blackburn, Marsha",R,1952,732
Baby Boomer,"Baldwin, Tammy",D,1962,713
Unknown,"King-Hinds, Kimberlyn",R,,9
Gen Z,"Frost, Maxwell",D,1997,32
Silent Generation,"Garamendi, John",D,1945,237
Silent Generation,"Matsui, Doris O.",D,1944,284
Silent Generation,"Pelosi, Nancy",D,1940,199
Silent Generation,"Baird, James R.",R,1945,35
Silent Generation,"Watson Coleman, Bonnie",D,1945,177
Silent Generation,"Wilson, Frederica S.",D,1942,161
Silent Generation,"Waters, Maxine",D,1938,601
Silent Generation,"Norton, Eleanor Holmes",D,1937,1094
Silent Generation,"Scott, David",D,1945,109
Silent Generation,"Schakowsky, Janice D.",D,1944,444
Silent Generation,"Davis, Danny K.",D,1941,398
Silent Generation,"Rogers, Harold",R,1937,144
Silent Generation,"Foxx, Virginia",R,1943,249
Silent Generation,"Cleaver, Emanuel",D,1944,219
Silent Generation,"Carter, John R.",R,1941,140
Silent Generation,"Clyburn, James E.",D,1940,121
Silent Generation,"DeLauro, Rosa L.",D,1943,623
Silent Generation,"Hoyer, Steny H.",D,1939,375
Silent Generation,"Risch, James E.",R,1943,626
Silent Generation,"Sanders, Bernard",I,1941,1145
Silent Generation,"McConnell, Mitch",R,1942,1294
Silent Generation,"King, Angus S., Jr.",I,1944,451
Silent Generation,"Grassley, Chuck",R,1933,2438
Silent Generation,"Durbin, Richard J.",D,1944,2063
